101,10716,34.5087667,-93.3924694
29,10717,4.3 miles,34.5168167
29,10719,34.4795139,-93.6388250
29,10769,34.7080583,-93.0622667
29,82076,34.897491,-93.390703
29,10772,0.8 miles max;0.4 mile Trees of the Forest Trail; 11mile Wildcat Mountain Bike Trail;2.1 mile Lake S,34.8676194
29,10773,34.8696833,-93.1092722
29,10785,34.5861389,-94.2143167
29,10715,34.3911861,-94.0108750
29,10789,N/A,N/A
29,10745,34.7644806,-94.6400000
29,11595,15 miles,34.6907694
29,10747,34.7785667,-94.6932000
29,11596,34.7144611,-94.6750917
29,10754,34.714104,-94.677743
29,10733,34.8874167,-94.1085306
29,10735,35.0335806,-93.8462750
29,10737,34.8548667,-94.2513361
33,10716,34.5087667,-93.3924694
33,10769,34.7080583,-93.0622667
33,10772,0.8 miles max;0.4 mile Trees of the Forest Trail; 11mile Wildcat Mountain Bike Trail;2.1 mile Lake S,34.8676194
31,10717,4.3 miles,34.5168167
31,10719,34.4795139,-93.6388250
31,10769,34.7080583,-93.0622667
31,10772,0.8 miles max;0.4 mile Trees of the Forest Trail; 11mile Wildcat Mountain Bike Trail;2.1 mile Lake S,34.8676194
31,10773,34.8696833,-93.1092722
31,10785,34.5861389,-94.2143167
31,10789,N/A,N/A
31,10745,34.7644806,-94.6400000
31,10747,34.7785667,-94.6932000
31,10733,34.8874167,-94.1085306
31,10737,34.8548667,-94.2513361
